patient_id,visit_idx,diagnoses_score,medications_score,treatments_score
P0000001,2,0.5,0.25,0.2
P0000001,3,0.0,0.0,0.0
P0000001,4,0.0,0.0,0.5
P0000001,5,0.0,0.0,0.6666666666666666
P0000001,6,0.25,0.25,0.0
P0000001,7,0.2,0.5,0.25
P0000002,2,0.3333333333333333,0.0,0.0
P0000002,3,0.0,0.25,0.0
P0000002,4,0.0,0.0,0.25
P0000002,5,0.0,0.25,0.0
P0000003,2,0.25,0.0,0.25
P0000003,3,0.5,0.0,0.2
P0000003,4,0.6666666666666666,0.25,0.0
P0000003,5,0.5,0.0,0.6666666666666666
P0000003,6,0.25,0.0,0.0
P0000003,7,0.25,0.0,0.25
P0000003,8,0.0,0.2,0.0
P0000004,2,0.0,0.0,0.3333333333333333
P0000004,3,0.0,0.2,0.2
P0000004,4,0.25,0.0,0.3333333333333333
P0000004,5,0.5,0.2,0.0
P0000004,6,0.3333333333333333,0.6666666666666666,0.0
P0000005,2,0.0,0.2,0.2
P0000005,3,0.25,0.25,0.0
P0000005,4,0.0,0.0,0.0
P0000005,5,0.0,0.0,0.0
P0000005,6,0.3333333333333333,0.0,0.5
P0000005,7,0.3333333333333333,0.0,0.0
P0000005,8,0.0,0.25,0.2
P0000006,2,0.0,0.0,0.0
P0000006,3,0.0,0.0,0.0
P0000006,4,0.2,0.25,0.25
P0000006,5,0.5,0.0,0.0
P0000006,6,0.2,0.5,0.0
P0000007,2,0.0,0.3333333333333333,0.0
P0000007,3,0.0,0.0,0.0
P0000007,4,0.0,0.3333333333333333,0.25
P0000007,5,0.2,0.25,0.0
P0000007,6,0.0,0.0,0.0
P0000008,2,0.25,0.0,0.6666666666666666
P0000008,3,0.5,0.2,0.2
P0000008,4,0.25,0.0,0.25
P0000008,5,0.5,0.2,0.25
P0000008,6,0.0,0.2,0.0
P0000008,7,0.0,0.25,0.3333333333333333
P0000008,8,0.3333333333333333,0.2,0.2
P0000008,9,0.2,0.0,0.25
P0000008,10,0.0,0.25,0.0
P0000009,2,0.0,0.0,0.3333333333333333
P0000009,3,0.0,0.0,0.0
P0000009,4,0.0,0.0,0.5
P0000009,5,0.25,0.25,0.0
P0000009,6,0.0,0.0,0.6666666666666666
P0000009,7,0.2,0.2,0.2
P0000009,8,0.0,0.0,0.0
P0000009,9,0.3333333333333333,0.25,0.2
P0000010,2,0.3333333333333333,0.0,0.0
P0000010,3,0.0,0.0,0.3333333333333333
P0000010,4,0.0,0.6666666666666666,0.5
P0000010,5,0.0,0.0,0.25
P0000010,6,0.5,0.2,0.0
P0000010,7,0.0,0.0,0.2
P0000010,8,0.0,0.0,0.25
P0000011,2,0.0,0.25,0.0
P0000011,3,0.3333333333333333,0.0,0.3333333333333333
P0000011,4,0.2,0.3333333333333333,0.2
P0000011,5,0.5,0.5,0.3333333333333333
P0000011,6,0.5,0.3333333333333333,0.0
P0000011,7,0.0,0.0,0.0
P0000012,2,0.5,0.0,0.0
P0000012,3,0.0,0.0,0.0
P0000012,4,0.0,0.0,0.3333333333333333
P0000012,5,0.25,0.25,0.0
P0000012,6,0.0,0.0,0.0
P0000012,7,0.25,0.5,0.25
P0000012,8,0.0,0.0,0.25
P0000013,2,0.0,0.0,0.0
P0000013,3,0.0,0.25,0.0
P0000013,4,0.2,0.0,0.0
P0000013,5,0.3333333333333333,0.3333333333333333,0.0
P0000013,6,0.2,0.2,0.5
P0000014,2,0.0,0.0,0.25
P0000014,3,0.3333333333333333,0.25,0.3333333333333333
P0000014,4,0.0,0.0,0.0
P0000014,5,0.5,0.2,0.0
P0000014,6,0.0,0.25,0.0
P0000014,7,0.0,0.0,0.2
P0000014,8,0.0,0.0,0.0
P0000015,2,0.0,0.0,0.0
P0000015,3,0.0,0.0,0.0
P0000015,4,0.0,0.25,0.25
P0000015,5,0.25,0.3333333333333333,0.0
P0000015,6,0.0,0.0,0.0
P0000016,2,0.0,0.25,0.2
P0000016,3,0.25,0.0,0.2
P0000016,4,0.0,0.0,0.2
P0000016,5,0.2,0.0,0.0
P0000016,6,0.25,0.25,0.0
P0000017,2,0.2,0.25,0.3333333333333333
P0000017,3,0.0,0.2,0.3333333333333333
P0000017,4,0.0,0.0,0.0
P0000017,5,0.2,0.0,0.0
P0000017,6,0.0,0.25,0.0
P0000017,7,0.0,1.0,0.0
P0000017,8,0.0,0.2,0.25
P0000017,9,0.0,0.2,0.5
P0000017,10,0.5,0.2,0.25
P0000018,2,0.2,0.0,0.0
P0000018,3,0.0,0.0,0.0
P0000018,4,0.0,0.25,0.0
P0000018,5,0.2,1.0,0.0
P0000018,6,0.25,0.3333333333333333,0.0
P0000019,2,0.25,0.0,0.0
P0000019,3,0.25,0.0,0.2
P0000019,4,0.0,0.0,0.0
P0000019,5,0.0,0.5,0.3333333333333333
P0000019,6,0.0,0.0,0.3333333333333333
P0000020,2,0.3333333333333333,1.0,1.0
P0000020,3,0.0,0.25,0.0
P0000020,4,0.3333333333333333,0.0,0.2
P0000020,5,0.5,0.0,0.0
P0000020,6,0.25,0.0,0.0
P0000020,7,0.0,0.2,0.0
P0000020,8,0.2,0.0,0.0
P0000021,2,0.3333333333333333,0.25,0.2
P0000021,3,0.0,0.0,0.5
P0000021,4,0.0,0.2,0.0
P0000021,5,0.0,0.25,0.25
P0000021,6,0.0,0.0,0.0
P0000021,7,0.0,0.2,0.0
P0000022,2,0.0,0.0,0.0
P0000022,3,0.25,0.0,0.0
P0000022,4,0.0,0.0,0.3333333333333333
P0000022,5,0.6666666666666666,0.5,0.25
P0000022,6,0.0,0.0,0.3333333333333333
P0000022,7,0.25,0.0,0.0
P0000022,8,0.0,0.0,0.0
P0000022,9,0.25,0.0,0.0
P0000022,10,0.5,0.3333333333333333,0.25
P0000023,2,0.3333333333333333,0.3333333333333333,0.0
P0000023,3,0.5,0.0,0.0
P0000023,4,0.3333333333333333,0.25,0.0
P0000023,5,0.25,0.25,0.25
P0000023,6,0.0,0.3333333333333333,0.0
P0000023,7,0.3333333333333333,0.2,0.0
P0000023,8,0.0,0.0,0.25
P0000024,2,0.25,0.0,0.5
P0000024,3,0.25,0.0,0.5
P0000024,4,0.0,0.25,0.0
P0000024,5,0.2,0.0,0.0
P0000024,6,0.3333333333333333,0.3333333333333333,1.0
P0000024,7,0.0,0.0,0.0
P0000024,8,0.25,0.2,0.5
P0000025,2,0.0,0.0,0.2
P0000025,3,0.0,0.0,0.0
P0000025,4,0.0,0.0,0.0
P0000025,5,0.0,0.0,0.0
P0000026,2,0.3333333333333333,0.0,0.0
P0000026,3,0.3333333333333333,0.0,0.2
P0000026,4,0.0,0.0,0.0
P0000026,5,0.0,0.2,0.3333333333333333
P0000027,2,0.0,0.0,0.3333333333333333
P0000027,3,0.3333333333333333,0.0,0.0
P0000027,4,0.3333333333333333,0.0,0.0
P0000027,5,0.5,0.0,0.0
P0000027,6,0.5,0.0,0.5
P0000028,2,0.0,0.0,0.0
P0000028,3,0.0,0.25,0.0
P0000028,4,0.25,0.2,0.25
P0000028,5,0.3333333333333333,0.0,0.5
P0000028,6,0.0,0.0,0.25
P0000028,7,0.25,0.0,0.0
P0000028,8,0.2,0.0,0.0
P0000028,9,0.2,0.2,0.2
P0000028,10,0.0,0.2,0.0
P0000029,2,0.3333333333333333,0.2,0.0
P0000029,3,0.0,0.2,0.0
P0000029,4,0.0,0.3333333333333333,0.25
P0000029,5,0.0,0.0,0.25
P0000029,6,0.0,0.0,0.0
P0000029,7,0.0,0.3333333333333333,0.0
P0000029,8,0.2,0.0,0.5
P0000030,2,0.0,0.25,0.5
P0000030,3,0.0,0.2,0.0
P0000030,4,0.3333333333333333,0.2,0.0
P0000030,5,0.0,0.0,0.0
P0000031,2,0.0,0.0,0.3333333333333333
P0000031,3,0.0,0.0,0.25
P0000031,4,0.0,0.3333333333333333,0.0
P0000031,5,0.25,0.0,0.0
P0000031,6,0.0,0.25,0.0
P0000032,2,0.0,0.0,0.25
P0000032,3,0.5,0.25,0.3333333333333333
P0000032,4,0.0,0.0,0.25
P0000032,5,0.2,0.25,0.0
P0000033,2,0.25,0.2,0.0
P0000033,3,0.2,0.0,0.2
P0000033,4,0.0,0.3333333333333333,0.2
P0000033,5,0.2,0.5,0.2
P0000034,2,0.25,0.5,0.0
P0000034,3,0.0,0.2,0.0
P0000034,4,0.0,0.0,0.0
P0000034,5,0.2,0.0,0.0
P0000034,6,0.0,0.2,0.0
P0000035,2,0.3333333333333333,0.0,0.0
P0000035,3,0.0,0.0,0.0
P0000035,4,0.0,0.0,0.25
P0000035,5,0.25,0.0,0.25
P0000035,6,0.3333333333333333,0.0,0.0
P0000036,2,0.0,0.2,0.0
P0000036,3,0.0,0.2,0.3333333333333333
P0000036,4,0.0,0.2,0.25
P0000036,5,0.0,0.0,0.25
P0000036,6,0.0,0.25,0.5
P0000036,7,0.0,0.0,0.3333333333333333
P0000037,2,0.0,0.0,0.3333333333333333
P0000037,3,0.0,0.25,0.25
P0000037,4,0.25,0.0,0.0
P0000037,5,0.0,0.2,0.2
P0000037,6,0.0,0.3333333333333333,0.0
P0000037,7,0.3333333333333333,0.0,0.2
P0000037,8,0.0,0.0,0.0
P0000037,9,0.0,0.5,0.0
P0000038,2,0.0,0.6666666666666666,0.0
P0000038,3,0.0,0.3333333333333333,0.25
P0000038,4,0.25,0.3333333333333333,0.0
P0000038,5,0.5,0.0,0.2
P0000038,6,0.0,0.25,0.0
P0000038,7,0.3333333333333333,0.0,0.25
P0000038,8,0.25,0.0,0.0
P0000038,9,0.0,0.0,0.25
P0000039,2,0.0,0.6666666666666666,0.0
P0000039,3,0.25,0.0,0.2
P0000039,4,0.2,0.3333333333333333,0.0
P0000039,5,0.0,0.2,0.0
P0000039,6,0.3333333333333333,0.2,0.0
P0000039,7,0.25,0.0,0.0
P0000039,8,0.5,0.0,0.0
P0000040,2,0.0,0.0,0.2
P0000040,3,0.0,0.0,0.0
P0000040,4,0.0,0.0,0.2
P0000040,5,0.0,0.25,0.0
P0000040,6,0.3333333333333333,0.25,0.0
P0000041,2,0.0,0.2,0.3333333333333333
P0000041,3,0.0,0.0,0.5
P0000041,4,0.0,0.3333333333333333,0.0
P0000041,5,0.0,0.0,0.0
P0000041,6,0.25,0.3333333333333333,0.0
P0000041,7,0.0,0.0,0.0
P0000041,8,0.25,0.0,0.0
P0000041,9,0.0,0.0,0.25
P0000042,2,0.0,0.2,0.2
P0000042,3,0.2,0.0,0.0
P0000042,4,0.3333333333333333,0.0,0.0
P0000042,5,0.3333333333333333,0.2,0.0
P0000042,6,0.3333333333333333,0.0,0.0
P0000042,7,0.0,0.5,0.0
P0000042,8,0.0,0.0,0.0
P0000042,9,0.3333333333333333,0.25,0.0
P0000042,10,0.0,0.5,0.0
P0000043,2,0.0,0.3333333333333333,0.25
P0000043,3,0.0,0.0,0.0
P0000043,4,0.6666666666666666,0.5,0.25
P0000043,5,0.25,0.3333333333333333,0.0
P0000043,6,0.0,0.25,0.0
P0000043,7,0.25,0.0,0.0
P0000043,8,0.0,0.0,0.0
P0000043,9,0.0,0.0,0.0
P0000044,2,0.0,0.0,0.0
P0000044,3,0.0,1.0,0.0
P0000044,4,0.3333333333333333,0.25,0.25
P0000044,5,0.25,0.0,0.2
P0000044,6,0.6666666666666666,0.3333333333333333,0.25
P0000044,7,0.25,0.0,0.25
P0000044,8,0.2,0.5,0.0
P0000045,2,0.0,0.0,0.25
P0000045,3,0.3333333333333333,0.0,0.2
P0000045,4,0.25,0.25,0.2
P0000045,5,0.0,0.5,0.2
P0000045,6,0.25,0.0,0.3333333333333333
P0000045,7,0.5,0.25,0.0
P0000045,8,0.3333333333333333,0.0,0.6666666666666666
P0000045,9,0.0,0.0,0.6666666666666666
P0000045,10,0.3333333333333333,0.0,0.0
P0000046,2,0.5,0.0,0.25
P0000046,3,0.25,0.0,0.25
P0000046,4,0.0,0.0,0.3333333333333333
P0000046,5,0.0,0.0,0.25
P0000047,2,0.0,0.6666666666666666,0.0
P0000047,3,0.25,0.0,0.0
P0000047,4,0.0,0.0,0.2
P0000047,5,0.25,0.0,0.2
P0000047,6,0.2,0.2,0.2
P0000047,7,0.0,0.3333333333333333,0.25
P0000048,2,0.0,0.0,0.0
P0000048,3,0.25,0.0,0.25
P0000048,4,0.0,0.0,0.0
P0000048,5,0.6666666666666666,0.25,0.0
P0000048,6,0.5,0.0,0.0
P0000049,2,0.0,0.0,0.0
P0000049,3,0.2,0.0,0.0
P0000049,4,0.0,0.0,0.0
P0000049,5,0.25,0.25,0.2
P0000049,6,0.2,0.25,0.0
P0000049,7,0.0,0.25,0.0
P0000049,8,0.6666666666666666,0.0,0.0
P0000050,2,0.0,0.0,0.0
P0000050,3,0.0,0.0,0.0
P0000050,4,0.3333333333333333,0.0,0.25
P0000050,5,0.2,0.2,0.0
P0000051,2,0.3333333333333333,0.0,0.0
P0000051,3,0.0,0.25,0.0
P0000051,4,0.0,0.0,0.0
P0000051,5,0.0,0.0,0.25
P0000051,6,0.0,0.2,0.0
P0000051,7,0.3333333333333333,0.0,0.0
P0000052,2,0.0,0.25,0.25
P0000052,3,0.25,0.0,0.25
P0000052,4,0.25,0.25,0.0
P0000052,5,0.0,0.0,0.2
P0000052,6,0.0,0.0,0.3333333333333333
P0000052,7,0.0,0.0,0.0
P0000052,8,0.0,0.25,0.5
P0000053,2,0.25,0.0,0.0
P0000053,3,0.0,0.0,0.0
P0000053,4,0.25,0.0,0.2
P0000053,5,0.2,0.0,0.0
P0000053,6,0.25,0.0,0.2
P0000053,7,0.3333333333333333,0.3333333333333333,0.5
P0000054,2,0.3333333333333333,0.5,0.0
P0000054,3,0.3333333333333333,0.25,0.0
P0000054,4,0.0,0.25,0.0
P0000054,5,0.0,0.3333333333333333,0.25
P0000054,6,0.2,0.0,0.2
P0000054,7,1.0,0.2,0.25
P0000055,2,0.3333333333333333,0.5,0.0
P0000055,3,0.2,0.2,0.0
P0000055,4,0.25,0.25,0.25
P0000055,5,0.2,0.25,0.0
P0000055,6,0.0,0.0,0.0
P0000056,2,0.3333333333333333,0.0,0.3333333333333333
P0000056,3,0.2,0.2,0.0
P0000056,4,0.0,0.25,0.2
P0000056,5,0.25,0.25,0.0
P0000056,6,0.2,0.3333333333333333,0.0
P0000056,7,0.2,0.5,0.25
P0000057,2,0.0,0.5,0.3333333333333333
P0000057,3,0.0,0.0,0.0
P0000057,4,0.2,0.0,0.0
P0000057,5,0.0,0.0,0.2
P0000057,6,0.0,0.0,0.0
P0000057,7,0.25,0.2,0.25
P0000058,2,0.3333333333333333,0.0,0.0
P0000058,3,0.2,0.0,0.2
P0000058,4,0.25,0.2,0.2
P0000058,5,0.25,0.3333333333333333,0.16666666666666666
P0000058,6,0.25,0.0,0.0
P0000059,2,0.25,0.6666666666666666,0.0
P0000059,3,0.0,0.0,0.0
P0000059,4,0.0,0.0,0.0
P0000059,5,0.5,0.3333333333333333,0.2
P0000059,6,0.0,0.5,0.2
P0000059,7,0.25,0.0,0.0
P0000059,8,0.3333333333333333,0.2,0.0
P0000059,9,0.2,0.0,0.0
P0000060,2,0.25,0.0,0.3333333333333333
P0000060,3,0.2,0.0,0.0
P0000060,4,0.0,0.2,0.0
P0000060,5,0.25,0.25,0.0
P0000060,6,0.5,0.0,0.0
P0000060,7,0.0,0.25,0.2
P0000060,8,0.0,0.25,0.0
P0000061,2,0.5,0.5,0.25
P0000061,3,0.6666666666666666,0.3333333333333333,0.2
P0000061,4,0.0,0.2,0.0
P0000061,5,0.6666666666666666,0.0,0.0
P0000061,6,0.2,0.0,0.25
P0000061,7,0.0,0.3333333333333333,0.3333333333333333
P0000061,8,0.3333333333333333,0.6666666666666666,0.0
P0000062,2,0.25,0.25,0.25
P0000062,3,0.0,0.0,0.25
P0000062,4,0.0,0.0,0.3333333333333333
P0000062,5,0.6666666666666666,0.0,0.25
P0000063,2,0.25,0.0,0.0
P0000063,3,0.2,0.0,0.0
P0000063,4,0.5,0.0,0.0
P0000063,5,0.0,0.0,0.25
P0000063,6,0.0,0.2,0.0
P0000063,7,0.25,0.0,0.5
P0000063,8,0.0,0.2,0.0
P0000064,2,0.0,0.0,0.0
P0000064,3,0.0,0.2,0.2
P0000064,4,0.25,0.25,0.3333333333333333
P0000064,5,0.0,0.2,0.25
P0000064,6,0.25,0.0,0.0
P0000064,7,0.0,0.25,0.0
P0000065,2,0.5,0.0,0.0
P0000065,3,0.3333333333333333,0.0,0.0
P0000065,4,0.0,0.0,0.3333333333333333
P0000065,5,0.0,0.25,0.0
P0000065,6,0.0,0.25,0.5
P0000065,7,0.2,0.3333333333333333,0.0
P0000065,8,0.0,0.0,0.0
P0000066,2,0.5,0.0,0.2
P0000066,3,0.0,0.0,0.6666666666666666
P0000066,4,0.0,0.0,0.2
P0000066,5,0.0,0.3333333333333333,0.2
P0000066,6,0.25,0.25,0.0
P0000067,2,0.0,0.0,0.5
P0000067,3,0.0,0.5,0.3333333333333333
P0000067,4,0.0,0.0,0.0
P0000067,5,0.5,0.25,0.0
P0000068,2,0.0,0.0,0.0
P0000068,3,0.0,0.0,0.0
P0000068,4,0.0,0.0,0.0
P0000068,5,0.2,0.25,0.2
P0000068,6,0.2,0.2,0.0
P0000068,7,0.6666666666666666,0.6666666666666666,0.0
P0000068,8,0.0,0.3333333333333333,0.0
P0000068,9,0.0,0.25,0.0
P0000069,2,0.0,0.3333333333333333,0.3333333333333333
P0000069,3,0.2,0.0,0.0
P0000069,4,0.0,0.0,0.0
P0000069,5,0.2,0.25,0.5
P0000069,6,0.0,0.2,0.0
P0000069,7,0.0,0.0,0.0
P0000069,8,0.2,0.3333333333333333,0.0
P0000069,9,0.0,0.0,0.25
P0000070,2,0.0,0.0,0.0
P0000070,3,0.2,0.5,0.25
P0000070,4,0.0,0.0,0.25
P0000070,5,0.0,0.25,0.0
P0000070,6,0.0,0.25,0.5
P0000071,2,0.25,0.5,0.0
P0000071,3,0.25,0.0,0.3333333333333333
P0000071,4,0.25,0.3333333333333333,0.3333333333333333
P0000071,5,0.2,0.0,0.0
P0000072,2,0.0,0.0,0.0
P0000072,3,0.0,0.0,0.2
P0000072,4,0.2,0.0,0.2
P0000072,5,0.0,0.0,0.2
P0000072,6,0.0,0.2,0.0
P0000072,7,0.25,0.0,0.2
P0000072,8,0.2,0.2,0.25
P0000072,9,0.0,0.0,0.0
P0000072,10,0.0,0.25,0.3333333333333333
P0000073,2,0.0,0.0,0.0
P0000073,3,0.25,0.3333333333333333,0.0
P0000073,4,0.0,0.0,0.0
P0000073,5,0.0,0.25,0.25
P0000073,6,0.0,0.0,0.0
P0000074,2,0.0,0.0,0.0
P0000074,3,0.0,0.0,0.0
P0000074,4,0.2,0.0,0.0
P0000074,5,0.0,0.2,0.0
P0000074,6,0.2,0.25,0.3333333333333333
P0000075,2,0.0,0.2,0.25
P0000075,3,0.3333333333333333,0.25,0.0
P0000075,4,0.3333333333333333,0.0,0.0
P0000075,5,0.3333333333333333,0.0,0.6666666666666666
P0000075,6,0.2,0.0,0.2
P0000075,7,0.0,0.2,0.25
P0000076,2,0.5,0.0,0.3333333333333333
P0000076,3,0.0,0.0,0.0
P0000076,4,0.0,0.3333333333333333,0.0
P0000076,5,0.3333333333333333,0.5,0.25
P0000076,6,0.0,0.0,0.2
P0000076,7,0.25,0.0,0.0
P0000076,8,0.0,0.5,0.3333333333333333
P0000077,2,0.25,0.0,0.2
P0000077,3,0.0,0.2,0.0
P0000077,4,0.0,0.2,0.3333333333333333
P0000077,5,0.25,0.25,0.2
P0000077,6,0.0,0.25,0.3333333333333333
P0000077,7,0.0,0.0,0.0
P0000077,8,0.3333333333333333,0.0,0.2
P0000077,9,0.2,0.3333333333333333,0.25
P0000077,10,0.2,0.0,0.0
P0000078,2,0.0,0.0,0.0
P0000078,3,0.25,0.6666666666666666,0.25
P0000078,4,0.2,0.3333333333333333,0.0
P0000078,5,0.0,0.3333333333333333,0.3333333333333333
P0000078,6,0.25,0.0,0.0
P0000078,7,0.0,0.0,0.25
P0000079,2,0.0,0.0,0.0
P0000079,3,0.0,0.0,0.5
P0000079,4,0.0,0.0,0.0
P0000079,5,0.0,0.3333333333333333,0.0
P0000080,2,0.3333333333333333,0.0,0.0
P0000080,3,0.0,0.0,0.2
P0000080,4,0.2,0.0,0.25
P0000080,5,0.3333333333333333,0.0,0.5
P0000080,6,0.3333333333333333,0.0,0.0
P0000080,7,0.2,0.3333333333333333,0.0
P0000081,2,0.0,0.0,0.0
P0000081,3,0.0,0.0,0.0
P0000081,4,0.6666666666666666,0.5,0.0
P0000081,5,0.0,0.2,0.0
P0000081,6,0.0,0.0,0.0
P0000081,7,0.0,0.0,0.25
P0000081,8,0.2,0.5,0.3333333333333333
P0000082,2,0.0,0.3333333333333333,0.0
P0000082,3,0.0,0.3333333333333333,0.25
P0000082,4,0.25,0.25,0.3333333333333333
P0000082,5,0.0,0.0,0.25
P0000082,6,0.25,0.0,0.0
P0000082,7,0.3333333333333333,0.0,0.2
P0000082,8,0.2,0.0,0.0
P0000083,2,0.0,0.0,0.3333333333333333
P0000083,3,0.0,0.0,0.0
P0000083,4,0.3333333333333333,0.0,0.0
P0000083,5,0.0,0.0,0.0
P0000084,2,0.0,0.0,0.25
P0000084,3,0.25,0.0,0.5
P0000084,4,0.0,0.5,0.0
P0000084,5,0.0,0.5,0.0
P0000084,6,0.3333333333333333,0.2,0.2
P0000084,7,0.0,0.25,0.0
P0000084,8,0.0,0.2,0.0
P0000084,9,0.0,0.2,0.0
P0000084,10,0.25,0.0,0.2
P0000085,2,0.0,0.2,0.0
P0000085,3,0.2,0.3333333333333333,0.0
P0000085,4,0.0,0.0,0.0
P0000085,5,0.2,0.0,0.2
P0000085,6,0.25,0.0,0.0
P0000086,2,0.0,0.0,0.2
P0000086,3,0.0,0.0,0.0
P0000086,4,0.25,0.0,0.2
P0000086,5,0.0,0.0,0.25
P0000086,6,0.0,0.2,0.25
P0000086,7,0.25,0.5,0.0
P0000086,8,0.2,0.0,0.2
P0000086,9,0.25,0.5,0.25
P0000086,10,0.0,0.25,0.0
P0000087,2,0.0,0.0,0.0
P0000087,3,0.0,1.0,0.0
P0000087,4,0.5,0.0,0.0
P0000087,5,0.0,0.0,0.0
P0000087,6,0.2,0.0,0.3333333333333333
P0000087,7,0.0,0.0,0.2
P0000088,2,0.5,0.0,0.0
P0000088,3,0.0,0.0,0.0
P0000088,4,0.5,0.0,0.0
P0000088,5,0.2,0.2,0.2
P0000088,6,0.2,0.5,0.2
P0000088,7,0.0,0.0,0.0
P0000088,8,0.0,0.0,0.3333333333333333
P0000088,9,0.25,0.0,0.0
P0000089,2,0.0,0.25,0.0
P0000089,3,0.0,0.0,0.0
P0000089,4,0.0,0.3333333333333333,0.25
P0000089,5,0.2,0.3333333333333333,0.3333333333333333
P0000089,6,0.0,0.2,0.25
P0000089,7,0.25,0.25,0.0
P0000089,8,0.2,0.0,0.0
P0000089,9,0.5,0.25,0.0
P0000090,2,0.0,0.0,0.0
P0000090,3,0.0,0.25,0.25
P0000090,4,0.0,0.2,0.3333333333333333
P0000090,5,0.2,0.25,0.25
P0000090,6,0.2,0.0,0.25
P0000090,7,0.25,0.25,0.2
P0000091,2,0.0,0.3333333333333333,0.0
P0000091,3,0.25,0.0,0.2
P0000091,4,1.0,0.0,0.0
P0000091,5,0.25,0.25,0.2
P0000091,6,0.0,0.0,0.0
P0000092,2,0.0,0.2,0.0
P0000092,3,0.0,0.2,0.2
P0000092,4,0.3333333333333333,0.25,0.0
P0000092,5,0.5,0.2,0.5
P0000092,6,0.0,0.0,0.0
P0000092,7,0.0,0.0,0.25
P0000093,2,0.3333333333333333,0.0,0.0
P0000093,3,0.25,0.0,0.0
P0000093,4,0.2,0.25,0.2
P0000093,5,0.0,0.0,0.0
P0000093,6,0.0,0.0,0.25
P0000094,2,0.0,0.5,0.0
P0000094,3,0.0,0.25,0.2
P0000094,4,0.2,0.0,0.0
P0000094,5,0.0,0.0,0.0
P0000094,6,0.6666666666666666,0.0,0.0
P0000094,7,0.3333333333333333,0.0,0.0
P0000094,8,0.0,0.0,0.2
P0000094,9,0.2,0.25,0.0
P0000095,2,0.0,0.0,0.25
P0000095,3,0.5,0.2,0.25
P0000095,4,0.0,0.0,0.0
P0000095,5,0.0,0.6666666666666666,0.25
P0000095,6,0.2,0.0,0.0
P0000095,7,0.0,0.3333333333333333,0.0
P0000096,2,0.25,0.3333333333333333,0.5
P0000096,3,0.0,0.0,0.3333333333333333
P0000096,4,0.2,0.3333333333333333,0.0
P0000096,5,0.25,0.25,0.2
P0000096,6,0.3333333333333333,0.3333333333333333,0.25
P0000096,7,0.0,0.0,0.25
P0000096,8,0.0,0.25,0.2
P0000097,2,0.25,0.0,0.0
P0000097,3,0.0,0.3333333333333333,0.2
P0000097,4,0.2,0.0,0.25
P0000097,5,0.0,0.2,0.0
P0000097,6,0.25,0.0,0.0
P0000097,7,0.0,0.0,0.0
P0000097,8,0.2,0.0,0.0
P0000097,9,0.25,0.0,0.25
P0000098,2,0.0,0.0,0.0
P0000098,3,0.25,0.0,0.25
P0000098,4,0.0,0.0,0.0
P0000098,5,0.0,0.3333333333333333,0.0
P0000098,6,0.3333333333333333,0.25,0.3333333333333333
P0000098,7,0.6666666666666666,0.0,0.0
P0000098,8,0.0,0.0,0.0
P0000099,2,0.0,0.0,0.25
P0000099,3,0.5,0.0,0.0
P0000099,4,0.25,0.2,0.5
P0000099,5,0.3333333333333333,0.0,0.0
P0000099,6,0.25,0.2,0.0
P0000099,7,0.25,0.3333333333333333,0.25
P0000099,8,0.2,0.2,0.2
P0000099,9,0.0,0.25,0.2
P0000099,10,0.0,0.2,0.0
P0000100,2,0.0,0.25,0.5
P0000100,3,0.25,0.0,0.0
P0000100,4,0.0,0.3333333333333333,0.5
P0000100,5,0.5,0.0,0.0
P0000100,6,0.5,0.0,0.0
P0000100,7,0.0,0.2,0.25
P0000100,8,0.25,0.0,0.2
P0000100,9,0.0,0.0,0.0
P0000100,10,0.0,0.3333333333333333,0.0
